rank,name,density,densityMi,pop2019,area
1,Afghanistan,58.3257,151.0635,38041.754,652230
2,Albania,100.2128,259.5511,2880.917,28748
3,Algeria,18.0763,46.8176,43053.054,2381741
4,Argentina,16.1058,41.7141,44780.677,2780400
5,Armenia,99.4429,257.5572,2957.731,29743
6,Australia,3.2765,8.4862,25203.198,7692024
7,Austria,106.7723,276.5403,8955.102,83871
8,Azerbaijan,116.0245,300.5033,10047.718,86600
9,Bahrain,2145.3229,5556.3862,1641.172,765
10,Bangladesh,1104.8734,2861.622,163046.161,147570
11,Belarus,45.5318,117.9275,9452.411,207600
12,Belgium,377.9916,978.9983,11539.328,30528
13,Benin,104.7855,271.3944,11801.151,112622
14,Bhutan,19.8753,51.477,763.092,38394
15,Bolivia,10.48,27.1431,11513.1,1098581
16,Botswana,3.9582,10.2518,2303.697,582000
17,Brazil,24.7834,64.189,211049.527,8515767
18,Bulgaria,63.133,163.5144,7000.119,110879
19,Burkina Faso,74.4463,192.8159,20321.378,272967
20,Burundi,414.2624,1072.9396,11530.58,27834
21,Cambodia,91.0683,235.8668,16486.542,181035
22,Cameroon,54.4259,140.9632,25876.38,475442
23,Canada,3.7468,9.7043,37411.047,9984670
24,Central African Republic,7.6169,19.7277,4745.185,622984
25,Chad,12.4197,32.167,15946.876,1284000
26,Chile,25.0655,64.9195,18952.038,756102
27,China,147.7068,382.5605,1433783.686,9706961
28,Colombia,44.0898,114.1926,50339.443,1141748
29,Comoros,456.9742,1183.5632,850.886,1862
30,Costa Rica,98.7781,255.8353,5047.561,51100
31,Croatia,72.9813,189.0216,4130.304,56594
32,Cyprus,129.5617,335.5647,1198.575,9251
33,Czech Republic,135.5381,351.0436,10689.209,78865
34,Denmark,133.9369,346.8965,5771.876,43094
35,Dominican Republic,220.6439,571.4676,10738.958,48671
36,Ecuador,62.7568,162.5402,17373.662,276841
37,Egypt,100.1427,259.3697,100388.073,1002450
38,El Salvador,306.7132,794.3873,6453.553,21041
39,Estonia,29.311,75.9155,1325.648,45227
40,Ethiopia,101.493,262.8669,112078.73,1104300
41,Finland,16.3468,42.3383,5532.156,338424
42,France,118.0539,305.7595,65129.728,551695
43,Gabon,8.1167,21.0222,2172.579,267668
44,Gambia,219.6376,568.8613,2347.706,10689
45,Georgia,57.3424,148.5168,3996.765,69700
46,Germany,233.8666,605.7146,83517.045,357114
47,Ghana,127.5205,330.2782,30417.856,238533
48,Greece,79.3504,205.5175,10473.455,131990
49,Guatemala,161.4623,418.1874,17581.472,108889
50,Guinea,51.9458,134.5397,12771.246,245857
51,Haiti,405.8766,1051.2205,11263.077,27750
52,Honduras,86.6383,224.3932,9746.117,112492
53,Hong Kong,6735.6467,17445.3251,7436.154,1104
54,Hungary,104.105,269.6319,9684.679,93028
55,Iceland,3.2916,8.5251,339.031,103000
56,India,415.629,1076.4791,1366417.754,3287590
57,Indonesia,142.0928,368.0204,270625.568,1904569
58,Iran,50.3059,130.2922,82913.906,1648195
59,Iraq,89.6835,232.2801,39309.783,438317
60,Ireland,69.479,179.9505,4882.495,70273
61,Israel,410.177,1062.3585,8519.377,20770
62,Italy,200.9387,520.4313,60550.075,301336
63,Ivory Coast,79.7504,206.5535,25716.544,322463
64,Jamaica,268.2448,694.7541,2948.279,10991
65,Japan,335.6714,869.389,126860.301,377930
66,Jordan,113.0677,292.8453,10101.694,89342
67,Kazakhstan,6.8081,17.633,18551.427,2724900
68,Kenya,90.5875,234.6215,52573.973,580367
69,Kuwait,236.1142,611.5358,4207.083,17818
70,Kyrgyzstan,32.0871,83.1056,6415.85,199951
71,Laos,30.2764,78.4159,7169.455,236800
72,Latvia,29.5349,76.4954,1906.743,64559
73,Lebanon,655.9236,1698.842,6855.713,10452
74,Lesotho,70.0138,181.3357,2125.268,30355
75,Liberia,44.3335,114.8237,4937.374,111369
76,Libya,3.8518,9.9762,6777.452,1759540
77,Lithuania,42.2608,109.4553,2759.627,65300
78,Luxembourg,238.1009,616.6814,615.729,2586
79,Macedonia,81.0275,209.8611,2083.459,25713
80,Madagascar,45.9411,118.9874,26969.307,587041
81,Malawi,157.2258,407.2149,18628.747,118484
82,Malaysia,96.5825,250.1486,31949.777,330803
83,Mali,15.8508,41.0536,19658.031,1240192
84,Malta,1393.5823,3609.3781,440.372,316
85,Mauritania,4.3909,11.3724,4525.696,1030700
86,Mauritius,622.3863,1611.9805,1269.668,2040
87,Mexico,64.9446,168.2065,127575.529,1964375
88,Moldova,119.4606,309.4029,4043.263,33846
89,Mongolia,2.062,5.3405,3225.167,1564110
90,Montenegro,45.4668,117.7589,627.987,13812
91,Morocco,81.6745,211.5371,36471.769,446550
92,Mozambique,37.8823,98.115,30366.036,801590
93,Myanmar,79.8805,206.8906,54045.42,676578
94,Namibia,3.0214,7.8255,2494.53,825615
95,Nepal,194.3777,503.4383,28608.71,147181
96,Netherlands,408.5336,1058.102,17097.13,41850
97,New Zealand,17.6845,45.8028,4783.063,270467
98,Nicaragua,50.206,130.0334,6545.502,130373
99,Niger,18.3984,47.6517,23310.715,1267000
100,Nigeria,217.5477,563.4485,200963.599,923768
101,Norway,16.6116,43.0239,5378.857,323802
102,Pakistan,245.5634,636.0092,216565.318,881912
103,Panama,56.3061,145.8329,4246.439,75417
104,Paraguay,17.3192,44.8568,7044.636,406752
105,Peru,25.2957,65.5159,32510.453,1285216
106,Philippines,315.8045,817.9336,108116.615,342353
107,Poland,121.1715,313.8341,37887.768,312679
108,Portugal,111.0456,287.608,10226.187,92090
109,Qatar,244.4387,633.0963,2832.067,11586
110,Romania,81.2302,210.3863,19364.557,238391
111,Russia,8.5314,22.0964,145872.256,17098242
112,Rwanda,479.4195,1241.6964,12626.95,26338
113,Saudi Arabia,15.9411,41.2876,34268.528,2149690
114,Senegal,82.8396,214.5545,16296.364,196722
115,Serbia,99.2772,257.128,8772.235,88361
116,Sierra Leone,108.9102,282.0773,7813.215,71740
117,Singapore,8175.1225,21173.5674,5804.337,710
118,Slovakia,111.2836,288.2245,5457.013,49037
119,Slovenia,102.5331,265.5608,2078.654,20273
120,Somalia,24.2182,62.7251,15442.905,637657
121,South Africa,47.9578,124.2107,58558.27,1221037
122,South Korea,511.1796,1323.9552,51225.308,100210
123,South Sudan,17.8495,46.2301,11062.113,619745
124,Spain,92.3666,239.2296,46736.776,505992
125,Sri Lanka,325.0074,841.7691,21323.733,65610
126,Swaziland,66.1213,171.2541,1148.13,17364
127,Sweden,22.2885,57.7271,10036.379,450295
128,Switzerland,208.104,538.9893,8591.365,41284
129,Syria,92.1813,238.7496,17070.135,185180
130,Taiwan,656.8639,1701.2776,23773.876,36193
131,Tajikistan,65.1364,168.7033,9321.018,143100
132,Tanzania,61.3758,158.9633,58005.463,945087
133,Thailand,135.6906,351.4388,69625.582,513120
134,Togo,142.3328,368.6419,8082.366,56785
135,Trinidad and Tobago,271.9246,704.2846,1394.973,5130
136,Tunisia,71.4792,185.1312,11694.719,163610
137,Turkey,106.4748,275.7698,83429.615,783562
138,Turkmenistan,12.1739,31.5304,5942.089,488100
139,Uganda,183.273,474.6771,44269.594,241550
140,Ukraine,72.8975,188.8045,43993.638,603500
141,United Arab Emirates,116.8724,302.6994,9770.529,83600
142,United Kingdom,278.0164,720.0624,67530.172,242900
143,United States,35.1092,90.9328,329064.917,9372610
144,Uruguay,19.122,49.526,3461.734,181034
145,Uzbekistan,73.7186,190.9313,32981.716,447400
146,Venezuela,31.1157,80.5897,28515.829,916445
147,Vietnam,291.2398,754.311,96462.106,331212
148,Yemen,55.2343,143.0567,29161.922,527968
149,Zambia,23.7321,61.466,17861.03,752612
150,Zimbabwe,37.4797,97.0725,14645.468,390757
